{
    "Delta_Q": 0.6252804569168026,
    "Delta_R ": 0.15660947217760623,
    "Delta_S": 0.20508906595932785,
    "E_abs": 1.7453310583259736,
    "E_em": 1.5402419923666457,
    "E_fc_ex": 0.10516501905658515,
    "E_fc_gs": 0.0999240469027427,
    "E_zpl": 1.6401660392693884,
    "Eff_freq_ex": 0.047421164727800905,
    "Eff_freq_gs": 0.04622443074084129,
    "S_abs": 2.2176810641458498,
    "S_em": 2.161715034696046
}